CREATE DATABASE IF NOT EXISTS `sql4407415`;

# Books Table
CREATE TABLE `Books` (
	`book_id` int(8) NOT NULL AUTO_INCREMENT,
	`title` varchar(250) DEFAULT NULL,
    `age_rating` varchar(5) DEFAULT NULL,
    `average_rating` float(5,2) DEFAULT NULL,
    `isbn` int(25) NOT NULL,
    `publisher` varchar(50) DEFAULT NULL,
    PRIMARY KEY (`book_id`),
    KEY `book_id` (`book_id`),
    KEY `publisher` (`publisher`),
    KEY `age_rating` (`age_rating`)
    )
    ENGINE=InnoDB DEFAULT CHARSET=utf8 AUTO_INCREMENT=1 ;

CREATE TABLE `Publishers` (
    `publisher_id` int(8) NOT NULL AUTO_INCREMENT,
    `publisher` varchar(50) NOT NULL,
    PRIMARY KEY (`publisher_id`)
    )
    ENGINE=InnoDB DEFAULT CHARSET=utf8 AUTO_INCREMENT=1 ;

ALTER TABLE `Publishers`
ADD CONSTRAINT FOREIGN KEY (`publisher`) REFERENCES `Books` (`publisher`) ON DELETE CASCADE ON UPDATE CASCADE;

CREATE TABLE `Age_Ratings` (
    `age_rating_id` int(8) NOT NULL AUTO_INCREMENT,
    `age_rating` varchar(5) DEFAULT NULL,
    PRIMARY KEY (`age_rating_id`),
    KEY (`age_rating_id`)
)
ENGINE=InnoDB DEFAULT CHARSET=utf8 AUTO_INCREMENT=1 ;

ALTER TABLE `Age_Ratings`
ADD CONSTRAINT FOREIGN KEY (`age_rating`) REFERENCES `Books` (`age_rating`) ON DELETE CASCADE ON UPDATE CASCADE;

CREATE TABLE `Authors`(
    `author_id` int(8) NOT NULL AUTO_INCREMENT,
    `author_name` varchar(250) DEFAULT NULL,
    PRIMARY KEY (`author_id`),
    KEY `author_id` (`author_id`) 
)
ENGINE=InnoDB DEFAULT CHARSET=utf8 AUTO_INCREMENT=1 ;



CREATE TABLE `Written_By`(
    `book_id` int(8) NOT NULL,
    `author_id` int(8) NOT NULL
)
ENGINE=InnoDB DEFAULT CHARSET=utf8 AUTO_INCREMENT=1 ;

Alter TABLE `Written_By`
ADD CONSTRAINT FOREIGN KEY (`book_id`) REFERENCES `Books` (`book_id`) ON DELETE CASCADE ON UPDATE CASCADE,
ADD CONSTRAINT FOREIGN KEY (`author_id`) REFERENCES `Authors` (`author_id`) ON DELETE CASCADE ON UPDATE CASCADE;

CREATE Table `Languages`(
    `language_id` int(8) NOT NULL AUTO_INCREMENT,
    `language` varchar(10) DEFAULT NULL,
    PRIMARY KEY (`language_id`),
    KEY `language_id` (`language_id`)
)
ENGINE=InnoDB DEFAULT CHARSET=utf8 AUTO_INCREMENT=1 ;

CREATE TABLE `Language_Written`(
    `book_id` int(8) NOT NULL,
    `language_id` int(8) NOT NULL
)
ENGINE=InnoDB DEFAULT CHARSET=utf8 AUTO_INCREMENT=1 ;

Alter TABLE `Language_Written`
ADD CONSTRAINT FOREIGN KEY (`book_id`) REFERENCES `Books` (`book_id`) ON DELETE CASCADE ON UPDATE CASCADE,
ADD CONSTRAINT FOREIGN KEY (`language_id`) REFERENCES `Languages` (`language_id`) ON DELETE CASCADE ON UPDATE CASCADE;

CREATE TABLE `Users`(
    `user_id` int(8) NOT NULL AUTO_INCREMENT,
    `user_first_name` varchar(25) DEFAULT NULL,
    `user_last_name` varchar(25) DEFAULT NULL,
    `user_email` varchar(25) DEFAULT NULL,
    `user_password` varchar(25) DEFAULT NULL,
    `user_DOB` date DEFAULT NULL,
    `age_rating_id` int(8) NOT NULL,
    PRIMARY KEY (`user_id`),
    KEY `user_id` (`user_id`)
)
ENGINE=InnoDB DEFAULT CHARSET=utf8 AUTO_INCREMENT=1 ;

ALTER TABLE `Users`
ADD CONSTRAINT FOREIGN KEY (`age_rating_id`) REFERENCES `Age_Ratings` (`age_rating_id`) ON DELETE CASCADE ON UPDATE CASCADE;

CREATE TABLE `Groups`(
    `group_id` int(8) NOT NULL AUTO_INCREMENT,
    `group_name` varchar(25) DEFAULT NULL,
    PRIMARY KEY(`group_id`),
    KEY `group_id` (`group_id`)
)
ENGINE=InnoDB DEFAULT CHARSET=utf8 AUTO_INCREMENT=1 ;

CREATE TABLE `Linked_By`(
    `user_id` int(8) NOT NULL,
    `group_id`int(8) NOT NULL
)
ENGINE=InnoDB DEFAULT CHARSET=utf8 AUTO_INCREMENT=1 ;

Alter TABLE `Linked_By`
ADD CONSTRAINT FOREIGN KEY (`user_id`) REFERENCES `Users` (`user_id`) ON DELETE CASCADE ON UPDATE CASCADE,
ADD CONSTRAINT FOREIGN KEY (`group_id`) REFERENCES `Groups` (`group_id`) ON DELETE CASCADE ON UPDATE CASCADE;

CREATE TABLE `Genres`(
    `genre_id` int(8) NOT NULL AUTO_INCREMENT,
    `genre` varchar(25) DEFAULT NULL,
    PRIMARY KEY (`genre_id`),
    KEY `genre_id` (`genre_id`)
)
ENGINE=InnoDB DEFAULT CHARSET=utf8 AUTO_INCREMENT=1 ;

CREATE TABLE `Categorised_By`(
    `book_id` int(8) NOT NULL,
    `genre_id` int(8) NOT NULL
)
ENGINE=InnoDB DEFAULT CHARSET=utf8 AUTO_INCREMENT=1 ;
ALTER TABLE `Categorised_By`
ADD CONSTRAINT FOREIGN KEY (`book_id`) REFERENCES `Books` (`book_id`) ON DELETE CASCADE ON UPDATE CASCADE,
ADD CONSTRAINT FOREIGN KEY (`genre_id`) REFERENCES `Genres` (`genre_id`) ON DELETE CASCADE ON UPDATE CASCADE;

CREATE Table `User_Likes_Genres`(
    `genre_id` int(8) NOT NULL,
    `user_id` int(8) NOT NULL
)
ENGINE=InnoDB DEFAULT CHARSET=utf8 AUTO_INCREMENT=1 ;

ALTER TABLE `User_Likes_Genres`
ADD CONSTRAINT FOREIGN KEY (`genre_id`) REFERENCES `Genres` (`genre_id`) ON DELETE CASCADE ON UPDATE CASCADE,
ADD CONSTRAINT FOREIGN KEY (`user_id`) REFERENCES `Users` (`user_id`) ON DELETE CASCADE ON UPDATE CASCADE;

#Book Table
INSERT INTO `Books` (`book_id`, `title`,`age_rating`, `average_rating`, `isbn`, `publisher`) VALUES
    (1,'Hellstroms Hive','16+',3.69,0553144383,'Bantam Books NY'),
    (2,'The Dark City','12+',3.88,0727862421,'Severn House Publishers'),
    (3,'Bullet Proof','12+',3.98,0727862987,'Severn House Publishers'),
    (4,'The Penguin Companion to European Literature','7+',4.5,0140510354,'Penguin Books'),
    (5,'West To Eden','12+',3.77,0380706016,'Avon Books'),
    (6,'The Various','3+',3.71,0440420296,'Yearling'),
    (7,'Truman Capote In Which Various Friends Enemies Acquaintances and Detractors Recall His Turbulent Career','16+',4.08,0385491735,'Anchor'),
    (8,'The Burnt Orange Heresy','16+',3.9,0786706686,'Carroll & Graf'),
    (9,'Ewan McGregor From Junkie to Jedi','12+',2.8,0859652769,'Plexus Publishing'),
    (10,'Shadow Twin','12+',3.57,1596060298,'Subterranean Press'),
    (11,'The Complete Stories of Robert Louis Stevenson Strange Case of Dr Jekyll and Mr Hyde and Nineteen Other Tales','16+',4.13,0375761357,'Modern Library'),
    (12,'The Complete Short Stories Of Robert Louis Stevenson With A Selection Of The Best Short Novels','16+',4.21,030680882,'Da Capo Press'),
    (13,'A Childs Garden of Verses','3+',4.3,0689823827,'Simon & Schuster Books for Young Readers'),
    (14,'Have Space Suit Will Travel','12+',3.9,1416505490,'Pocket Books'),
    (15,'Practicalities','12+',3.98,0802133118,'Grove Press'),
    (16,'India Song','16+',3.57,0802131352,'Grove Press'),
    (17,'Clown','7+',3.98,0805059334,'Henry Holt and Co. BYR'),
    (18,'The Spiral Stair Arabel and Mortimer 6','12+',4.33,1903015073,'Barn Owl Books'),
    (19,'A Near Thing for Captain Najork Captain Najork 2','12+',4.18,1567923232,'David R. Godine'),
    (20,'Cover Her Face Adam Dalgliesh 1','12+',3.93,0563528273,'BBC Physical Audio'),
    (21,'Reptiles and Amphibians Smithsonian Handbooks','3+',4,0789493934,'DK Publishing Dorling Kindersley'),
    (22,'The Camera Ansel Adams Photography 1','7+',4.16,0821221841,'Little Brown and Company'),
    (23,'Julius the Baby of the World','12+',4.28,0688143881,'Greenwillow Books'),
    (24,'Forms of Talk','16+',3.81,081221112,'University of Pennsylvania Press'),
    (25,'Interaction Ritual Essays on Face to Face Behavior','16+',4.05,0394706315,'Pantheon'),
    (26,'Study Bible NIV','12+',4.7,0310929555,'Zondervan Publishing House'),
    (27,'My Lord Eternity Immortal Rogues 2','12+',3.73,0821775502,'Zebra'),
    (28,'Aesops Fables','7+',4.05,0590438808,'Scholastic Paperbacks'),
    (29,'Once A Wolf How Wildlife Biologists Fought to Bring Back the Gray Wolf','3+',4.06,0618111204,'HMH Books for Young Readers'),
    (30,'Conversations with Don DeLillo','12+',4.06,1578067049,'University Press of Mississippi'),
    (31,'Inventing America Jeffersons Declaration of Independence','12+',3.93,0618257764,'Mariner Books'),
    (32,'Lincoln at Gettysburg The Words That Remade America','7+',4.14,0743299639,'Simon Schuster'),
    (33,'Venice Lion City The Religion of Empire','12+',3.76,0671047647,'Washington Square Press'),
    (34,'Four Weddings and a Funeral','12+',3.75,0312143400,'St Martins Griffin'),
    (35,'Halloween','16+',4.13,0553262963,'Bantam'),
    (36,'Janet My Mother and Me A Memoir of Growing Up with Janet Flanner and Natalia Danesi Murray','16+',3.5,0684809664,'Simon & Schuster'),
    (37,'Catch That Pass','7+',3.91,0316139246,'Little Brown Books for Young Readers'),
    (38,'Divide and Conquer Tom Clancys Op Center 7','12+',3.8,0425174808,'Berkley'),
    (39,'Death Match Tom Clancys Net Force Explorers 18','12+',4.17,042518448,'Berkley'),
    (40,'Line of Control Tom Clancys Op Center 8','12+',3.86,0425180050,'Berkley'),
    (41,'Sea of Fire Tom Clancys Op Center 10','12+',3.89,0425190919,'Berkley Books'),
    (42,'One is the Loneliest Number Tom Clancys Net Force Explorers 3','12+',3.95,0425164179,'Berkley Publishing Group'),
    (43,'Aliens Nightmare Asylum','7+',3.67,0553561588,'Spectra Books'),
    (44,'The Omega Cage Matador 4','7+',3.78,0441623824,'Ace'),
    (45,'The 97th Step Matador 5','7+',4.22,0441581056,'Ace'),
    (46,'A Friars Bloodfeud Knights Templar 20','12+',4.1,0755323009,'Headline'),
    (47,'Death Ship of Dartmouth Knights Templar 21','12+',4.06,0755323017,'Headline Book Publishing'),
    (48,'The John Deere Two Cylinder Tractor Encyclopedia The Complete Model by Model History','7+',4.75,076032963,'Voyageur Press'),
    (49,'Phantoms','16+',3.38,0886773482,'DAW'),
    (50,'Fantasy Gone Wrong','16+',3.45,0756403804,'DAW'),
    (51,'The Ghosts in Baker Street New Tales of Sherlock Holmes','12+',3.58,078671400,'Running Press'),
    (52,'Christmas Bestiary','12+',3.62,0886775280,'DAW'),
    (53,'Black Cats and Broken Mirrors','12+',3.38,0886777887,'DAW'),
    (54,'Time Twisters','7+',3.36,0756404053,'DAW'),
    (55,'The Western Canon The Books and School of the Ages','7+',3.86,1573225142,'Riverhead Books'),
    (56,'Shakespeare The Invention of the Human','12+',4.02,157322751,'The Berkley Publishing Group'),
    (57,'The American Religion','12+',3.76,0978721004,'Chu Hartley Publishers LLC'),
    (58,'American Caesar Douglas MacArthur 1880 1964','16+',4.15,0316544981,'Little Brown & Company Boston Toronto'),
    (59,'Under the Red Flag','12+',3.88,1581950063,'Steerforth'),
    (60,'Ocean of Words','12+',3.81,0375702067,'Vintage'),
    (61,'The Bridegroom','16+',3.77,0099422174,'Vintage'),
    (62,'In the Pond','12+',3.71,0099428164,'Vintage'),
    (63,'That Was Then This Is Now','12+',3.91,0140389660,'Speak'),
    (64,'Hawkes Harbor','16+',3.13,0765344726,'Tor Books'),
    (65,'The Collection The Outsiders Rumble Fish That Was Then This Is Now','12+',4.45,0006751156,'HarperCollins Publishers'),
    (66,'The Work of Work Servitude Slavery and Labor in Medieval England','16+',3,1873448031,'Cruithne Press'),
    (67,'East of Eden','12+',4.37,0613996984,'Turtleback Books'),
    (68,'Katherine','12+',4.19,155652532,'Chicago Review Press'),
    (69,'The Fourth of July Story','7+',4.03,0689718764,'Aladdin'),
    (70,'Fourth of July Mice','7+',3.24,0618313664,'Clarion Books'),
    (71,'Apple Pie 4th of July','7+',3.72,0152057080,'HMH Books for Young Readers'),
    (72,'Roses Are Red Alex Cross 6','16+',4.04,0316693251,'Little Brown and Company'),
    (73,'4th of July Womens Murder Club 4','12+',4.07,0446613363,'Vision'),
    (74,'Virgin','16+',3.86,0070488207,'McGraw Hill Companies'),
    (75,'Thriller Stories To Keep You Up All Night','16+',3.5,0778322998,'Mira Books'),
    (76,'Saving the World and Other Extreme Sports Maximum Ride 3','12+',4.15,0316155608,'Little Brown and Company'),
    (77,'1st To Die The Womens Murder Club 1','16+',4.08,0613608704,'Turtleback Books'),
    (78,'How to Write a Damn Good Mystery A Practical Step by Step Guide from Inspiration to Finished Manuscript','12+',3.95,0312304463,'St Martins Press'),
    (79,'Mediterranean Winter The Pleasures of History and Landscape in Tunisia Sicily Dalmatia and the Peloponnese','12+',3.92,0375714332,'Vintage Random House NY'),
    (80,'Balkan Ghosts A Journey Through History','12+',3.94,0312424930,'Picador'),
    (81,'Mediterranean Winter The Pleasures of History & Landscape in Tunisia Sicily Dalmatia & Greece','16+',3.92,037550804,'Random House'),
    (82,'Does God Know How to Tie Shoes?','7+',4.2,0802850898,'William B. Eerdmans Publishing Company'),
    (83,'The Ties That Bind Lifes Most Essential Knots and Ties','7+',3.67,1584793821,'Harry N. Abrams'),
    (84,'The Undomestic Goddess','16+',3.83,0385338694,'Dial Press Trade Paperback'),
    (85,'Girls Night In','16+',3.63,0373250746,'Red Dress Ink'),
    (86,'Can You Keep a Secret?','16+',3.84,0440241901,'Dell Publishing Company'),
    (87,'Crazy For You','16+',3.78,0312932812,'St Martins Paperbacks'),
    (88,'Welcome to Temptation Dempseys 1','16+',3.94,0312932804,'St Martins Paperbacks'),
    (89,'Faking It Dempseys 2','16+',3.92,0312932782,'St Martins Paperbacks'),
    (90,'Anyone But You','16+',3.8,037377138,'HQN Books'),
    (91,'Getting Rid of Bradley','16+',3.71,1551668653,'MIRA'),
    (92,'What The Lady Wants','16+',3.64,155166951,'MIRA'),
    (93,'Manhunting','16+',3.77,0373772513,'HQN'),
    (94,'The Unfortunate Miss Fortunes','16+',3.48,031294098,'St Martins Paperbacks'),
    (95,'Coffee at Lukes An Unauthorized Gilmore Girls Gabfest','16+',3.55,1933771178,'Smart Pop'),
    (96,'Behaving Like Adults','16+',3.54,0060096683,'William Morrow Paperbacks'),
    (97,'Over 100 Truly Astonishing Sex Tips','16+',3.44,1858689104,'Carlton Publishing Group'),
    (98,'How to Seduce Your Dream Man','16+',3.89,0722539010,'HarperCollins Publishers Ltd'),
    (99,'Running in Heels','16+',3.53,0060988258,'William Morrow Paperbacks'),
    (100,'Poor People','12+',3.72,0060878827,'Ecco'),
    (101,'Willem de Kooning Late Paintings','12+',5,382960226,'Schirmer Mosel'),
    (102,'Artesia Volume 1','16+',3.98,193238622,'Archaia'),
    (103,'Novels 1901 1902 The Sacred Fount The Wings of the Dove','12+',4.63,193108288,'Library of America'),
    (104,'Flatland','12+',3.82,190398517,'Basic Books'),
    (105,'Everest Expedition to the Ultimate','7+',3.93,189857345,'Baton Wicks'),
    (106,'The Devils in the Details A Camilla MacPhee Mystery 4','7+',4,189491712,'Napoleon and Co'),
    (107,'The State of the Art','12+',3.84,189238938,'Night Shade'),
    (108,'Open City 6 The Only Woman He Ever Left','12+',0,189044717,'Grove Press Open City Books'),
    (109,'Enthusiasm and Divine Madness','12+',4.5,189031823,'St Augustines Press'),
    (110,'Hands Collected The Books of Simon Perchik','7+',4.25,188635085,'Pavement Saw Press'),
    (111,'Complete Novels The Robber Bridegroom Delta Wedding The Ponder Heart Losing Battles The Optimists Daughter','12+',4.17,188301154,'Library of America'),
    (112,'Collected Poems Prose and Plays','12+',4.32,188301106,'Library of America'),
    (113,'About This Life','7+',4.13,186046565,'The Harvill Press'),
    (114,'Motorcycle Basics Techbook','12+',3.85,185960515,'Haynes Manuals N. America Inc.'),
    (115,'Clockwork Cover to Cover','3+',3.87,185549695,'BBC Audiobooks'),
    (116,'Outlander','12+',3.85,184416411,'Games Workshopuk'),
    (117,'The Gambler','12+',3.89,184391123,'Hesperus Press'),
    (118,'The Mini Rough Guide to London','7+',3.75,184353584,'Rough Guides'),
    (119,'Half Asleep in Frog Pajamas','12+',3.74,184243036,'No Exit Press'),
    (120,'Still Life with Woodpecker','12+',4.05,184243022,'No Exit Press'),
    (121,'Adios Hemingway','12+',3.72,184195795,'Canongate U.S.'),
    (122,'Stiff Upper Lip Jeeves','16+',4.29,184159105,'Everymans Library'),
    (123,'Ecuador & the Galapagos Islands','7+',3.89,174104295,'Lonely Planet'),
    (124,'Novels 1956 1964 Seize the Day Henderson the Rain King Herzog','16+',4.19,159853002,'Library of America'),
    (125,'The Color of Water A Black Mans Tribute to His White Mother','7+',4.09,159448192,'Riverhead Books'),
    (126,'Against the Day','12+',4.13,159420120,'Penguin Press'),
    (127,'The Lovely Bones','12+',3.81,159413023,'Large Print Press'),
    (128,'The Brothers Karamazov','12+',4.32,159308045,'Barnes Noble Classics'),
    (129,'Grendel Devil by the Deed','12+',4.08,159307736,'Dark Horse Comics'),
    (130,'Heart of Darkness','12+',3.42,159224646,'Wildside Press'),
    (131,'Hikaru No Go Vol 1 Descent of the Go Master Hikaru no Go 1','12+',4.1,159116222,'VIZ Media LLC'),
    (132,'The Play Soldier','16+',4.5,159113644,'Booklocker.com Inc.'),
    (133,'The Dream Giver','16+',4.26,159052201,'Multnomah Books'),
    (134,'A Tale of Two Cities Charles Dickens','12+',4,158663352,'Spark Publishing'),
    (135,'Jenny','16+',3.79,158642050,'Steerforth'),
    (136,'The Thousandfold Thought The Prince of Nothing 3','12+',3.93,158567883,'Harry N. Abrams'),
    (137,'Spring Fever','12+',4.05,158567575,'Harry N. Abrams'),
    (138,'Plot & Structure Techniques and Exercises for Crafting a Plot That Grips Readers from Start to Finish','16+',4.1,158297294,'Writers Digest Books'),
    (139,'The Body in the Library Miss Marple 3','12+',3.85,157912626,'Black Dog & Leventhal Publishers'),
    (140,'When Red Is Black Inspector Chen Cao 3','16+',3.77,156947396,'Soho Crime'),
    (141,'Kahlil Gibran His Life and World','12+',4.21,156656249,'Interlink Publishing Group'),
    (142,'Lies My Teacher Told Me Everything Your History Textbook Got Wrong','12+',3.96,156584100,'The New Press'),
    (143,'Paul Kirks Championship Barbecue Sauces 175 Make Your Own Sauces Marinades Dry Rubs Wet Rubs Mops and Salsas','12+',3.94,155832125,'Harvard Common Press'),
    (144,'George Washingtons Rules of Civility & Decent Behavior in Company and Conversation Little Books of Wisdom','16+',4.08,155709103,'Applewood Books'),
    (145,'From Far Away','3+',4,155037396,'Annick Press'),
    (146,'Death Note Vol. 10 Deletion Death Note 10','16+',4.22,142151155,'VIZ Media LLC'),
    (147,'Bleach Volume 19','16+',4.36,142151043,'VIZ Media LLC'),
    (148,'JoJos Bizarre Adventure Vol. 4 Stardust Crusaders 4','16+',4.45,142150653,'VIZ Media'),
    (149,'From Far Away Vol. 14','16+',4.5,142150541,'VIZ Media'),
    (150,'Fullmetal Alchemist Vol. 9 Fullmetal Alchemist 9','16+',4.57,142150460,'VIZ Media LLC'),
    (151,'Death Note Vol. 4 Love Death Note 4','16+',4.39,142150331,'VIZ Media LLC'),
    (152,'The Realms of the Gods Immortals 4','16+',4.32,141690817,'Simon Pulse'),
    (153,'Wolves of the Calla The Dark Tower 5','16+',4.18,141651693,'Pocket Books'),
    (154,'Path of the Assassin Scot Harvath 2','16+',4.17,141651631,'Pocket Books'),
    (155,'The Farthest Shore Earthsea Cycle 3','12+',4.12,141650964,'Gallery Books'),
    (156,'Divine','12+',4.28,141430935,'Tyndale House Publishers'),
    (157,'Pr?©tear Vol. 2 Pr?©tear 2','16+',4,141390145,'ADV Manga'),
    (158,'Right Ho Jeeves Jeeves 6','16+',4.32,140690483,'Hard Press'),
    (159,'Hour Game Sean King & Michelle Maxwell 2','12+',3.97,140500522,'MacMillan'),
    (160,'The Tragedy of Puddnhead Wilson','12+',3.79,140015068,'Tantor Media'),
    (161,'The Complete Stories of Truman Capote','12+',4.2,140009691,'Vintage'),
    (162,'The Laughing Jesus Religious Lies and Gnostic Wisdom','12+',3.96,140008279,'Harmony'),
    (163,'Einsteins Dreams','12+',4.07,140007780,'Vintage'),
    (164,'In the Company of Cheerful Ladies No. 1 Ladies Detective Agency 6','12+',4.08,140007570,'Anchor'),
    (165,'FDRs Folly How Roosevelt and His New Deal Prolonged the Great Depression','12+',4,140005477,'Crown Forum'),
    (166,'See No Evil The True Story of a Ground Soldier in the CIAs War on Terrorism','12+',3.93,140004684,'Broadway Books'),
    (167,'The Year of Magical Thinking','12+',3.89,140004314,'Knopf Publishing Group'),
    (168,'Love in the Time of Cholera','12+',3.91,140003468,'Vintage International'),
    (169,'Living to Tell the Tale','12+',3.99,140003454,'Vintage'),
    (170,'Song of Solomon','12+',4.06,140003342,'Vintage'),
    (171,'The Complete Short Novels','16+',4.47,140003292,'Vintage Classics'),
    (172,'Eating Stone Imagination and the Loss of the Wild','12+',4.1,140003177,'Vintage'),
    (173,'A Fine Balance','12+',4.36,140003065,'Vintage'),
    (174,'Agile Web Development with Rails A Pragmatic Guide','16+',3.84,97669400,'Pragmatic Bookshelf'),
    (175,'The Hedge Knight The Tales of Dunk and Egg 1','12+',4.14,97640110,'Dabel Brothers Publishing'),
    (176,'Bacacay','7+',3.94,97639507,'Archipelago Books'),
    (177,'The Art of War','16+',4.2,97607267,'El Paso Norte Press'),
    (178,'My Sisters Keeper','12+',3.86,97441218,'Limitless Corporation'),
    (179,'Tea with Jane Austen','12+',3.79,97212179,'Jones Books'),
    (180,'Vinyl Cafe Odd Jobs','12+',4.56,96830317,'Canadian Broadcasting Corporation CBC Audio'),
    (181,'Christian Mythmakers C.S. Lewis Madeleine LEngle J.R.R. Tolkien George MacDonald G.K. Chesterton Charles Williams Dante Alighieri John Bunyan Walter Wangerin Robert Siegel and Hannah Hurnard','12+',3.93,94089548,'Cornerstone Press Chicago'),
    (182,'Five Tang Poets','12+',4.3,93244055,'Oberlin College Press'),
    (183,'The Treasured Writings of Kahlil Gibran','12+',4.42,89009389,'Castle Books'),
    (184,'Essentials of Conservation Biology','12+',3.92,87893720,'Sinauer Associates'),
    (185,'The Loftier Way Tales from the Ancient American Frontier','12+',3.78,87747785,'Deseret Book Company'),
    (186,'The Tutors First Love','12+',4.08,87123596,'Bethany House Publishers'),
    (187,'Aeneid Selections from Books 1 2 4 6 10 12','12+',4.35,86516584,'Bolchazy Carducci Publishers'),
    (188,'Pure and Simple The Extraordinary Teachings of a Thai Buddhist Laywoman','12+',4.29,86171492,'Wisdom Publications'),
    (189,'Wonderland Wonderland Quartet 4','12+',3.8,81297655,'Modern Library'),
    (190,'Winters Heart The Wheel of Time 9','12+',3.94,81257558,'Tor Fantasy'),
    (191,'Aeschylus 1 The Oresteia Agamemnon The Libation Bearers The Eumenides','12+',4.02,81221627,'University of Pennsylvania Press'),
    (192,'Safe Conduct An Autobiography and Other Writings','12+',3.82,81120135,'New Directions'),
    (193,'The Midnight Mystery The Boxcar Children 95','12+',3.9,80755538,'Albert Whitman Company'),
    (194,'Mans Search for Meaning','12+',4.36,80701429,'Beacon Press'),
    (195,'Imperial Ambitions Conversations on the Post 9 11 World','12+',3.97,80507967,'Metropolitan Books Henry Holt & Co. NY'),
    (196,'The Early History of God Yahweh and the Other Deities in Ancient Israel','12+',4.03,80283972,'Eerdmans'),
    (197,'A Time to Embrace Same Gender Relationships in Religion Law and Politics','12+',4.21,80282966,'William B. Eerdmans Publishing Company'),
    (198,'The Labyrinth of Solitude and Other Writings','12+',4.14,80215042,'Grove Press'),
    (199,'Four Blondes','12+',2.82,80213825,'Grove Press');

    #Publishers Table
INSERT INTO `Publishers` (`publisher_id`, `publisher`) VALUES
    (1,'Bantam Books NY'),
    (2,'Severn House Publishers'),
    (3,'Penguin Books'),
    (4,'Avon Books'),
    (5,'Yearling'),
    (6,'Anchor'),
    (7,'Carroll & Graf'),
    (8,'Plexus Publishing'),
    (9,'Subterranean Press'),
    (10,'Modern Library'),
    (11,'Da Capo Press'),
    (12,'Simon & Schuster Books for Young Readers'),
    (13,'Pocket Books'),
    (14,'Grove Press'),
    (15,'Henry Holt and Co. BYR'),
    (16,'Barn Owl Books'),
    (17,'David R. Godine'),
    (18,'BBC Physical Audio'),
    (19,'DK Publishing Dorling Kindersley'),
    (20,'Little Brown and Company'),
    (21,'Greenwillow Books'),
    (22,'University of Pennsylvania Press'),
    (23,'Pantheon'),
    (24,'Zondervan Publishing House'),
    (25,'Zebra'),
    (26,'Scholastic Paperbacks'),
    (27,'HMH Books for Young Readers'),
    (28,'University Press of Mississippi'),
    (29,'Mariner Books'),
    (30,'Simon Schuster'),
    (31,'Washington Square Press'),
    (32,'St Martins Griffin'),
    (33,'Bantam'),
    (34,'Simon & Schuster'),
    (35,'Little Brown Books for Young Readers'),
    (36,'Berkley'),
    (37,'Berkley Books'),
    (38,'Berkley Publishing Group'),
    (39,'Spectra Books'),
    (40,'Ace'),
    (41,'Headline'),
    (42,'Headline Book Publishing'),
    (43,'Voyageur Press'),
    (44,'DAW'),
    (45,'Running Press'),
    (46,'Riverhead Books'),
    (47,'The Berkley Publishing Group'),
    (48,'Chu Hartley Publishers LLC'),
    (49,'Little Brown & Company Boston Toronto'),
    (50,'Steerforth'),
    (51,'Vintage'),
    (52,'Speak'),
    (53,'Tor Books'),
    (54,'HarperCollins Publishers'),
    (55,'Cruithne Press'),
    (56,'Turtleback Books'),
    (57,'Chicago Review Press'),
    (58,'Aladdin'),
    (59,'Clarion Books'),
    (60,'Vision'),
    (61,'McGraw Hill Companies'),
    (62,'Mira Books'),
    (63,'St Martins Press'),
    (64,'Vintage Random House NY'),
    (65,'Picador'),
    (66,'Random House'),
    (67,'William B. Eerdmans Publishing Company'),
    (68,'Harry N. Abrams'),
    (69,'Dial Press Trade Paperback'),
    (70,'Red Dress Ink'),
    (71,'Dell Publishing Company'),
    (72,'St Martins Paperbacks'),
    (73,'HQN Books'),
    (74,'MIRA'),
    (75,'HQN'),
    (76,'Smart Pop'),
    (77,'William Morrow Paperbacks'),
    (78,'Carlton Publishing Group'),
    (79,'HarperCollins Publishers Ltd'),
    (80,'Ecco'),
    (81,'Schirmer Mosel'),
    (82,'Archaia'),
    (83,'Library of America'),
    (84,'Basic Books'),
    (85,'Baton Wicks'),
    (86,'Napoleon and Co'),
    (87,'Night Shade'),
    (88,'Grove Press Open City Books'),
    (89,'St Augustines Press'),
    (90,'Pavement Saw Press'),
    (91,'The Harvill Press'),
    (92,'Haynes Manuals N. America Inc.'),
    (93,'BBC Audiobooks'),
    (94,'Games Workshopuk'),
    (95,'Hesperus Press'),
    (96,'Rough Guides'),
    (97,'No Exit Press'),
    (98,'Canongate U.S.'),
    (99,'Everymans Library'),
    (100,'Lonely Planet'),
    (101,'Penguin Press'),
    (102,'Large Print Press'),
    (103,'Barnes Noble Classics'),
    (104,'Dark Horse Comics'),
    (105,'Wildside Press'),
    (106,'VIZ Media LLC'),
    (107,'Booklocker.com Inc.'),
    (108,'Multnomah Books'),
    (109,'Spark Publishing'),
    (110,'Writers Digest Books'),
    (111,'Black Dog & Leventhal Publishers'),
    (112,'Soho Crime'),
    (113,'Interlink Publishing Group'),
    (114,'The New Press'),
    (115,'Harvard Common Press'),
    (116,'Applewood Books'),
    (117,'Annick Press'),
    (118,'VIZ Media'),
    (119,'Simon Pulse'),
    (120,'Gallery Books'),
    (121,'Tyndale House Publishers'),
    (122,'ADV Manga'),
    (123,'Hard Press'),
    (124,'MacMillan'),
    (125,'Tantor Media'),
    (126,'Harmony'),
    (127,'Crown Forum'),
    (128,'Broadway Books'),
    (129,'Knopf Publishing Group'),
    (130,'Vintage International'),
    (131,'Vintage Classics'),
    (132,'Pragmatic Bookshelf'),
    (133,'Dabel Brothers Publishing'),
    (134,'Archipelago Books'),
    (135,'El Paso Norte Press'),
    (136,'Limitless Corporation'),
    (137,'Jones Books'),
    (138,'Canadian Broadcasting Corporation CBC Audio'),
    (139,'Cornerstone Press Chicago'),
    (140,'Oberlin College Press'),
    (141,'Castle Books'),
    (142,'Sinauer Associates'),
    (143,'Deseret Book Company'),
    (144,'Bethany House Publishers'),
    (145,'Bolchazy Carducci Publishers'),
    (146,'Wisdom Publications'),
    (147,'Tor Fantasy'),
    (148,'New Directions'),
    (149,'Albert Whitman Company'),
    (150,'Beacon Press'),
    (151,'Metropolitan Books Henry Holt & Co. NY'),
    (152,'Eerdmans');

#Age_Ratings 
INSERT INTO `Age_Ratings` (`age_rating_id`, `age_rating`) VALUES
    (1,'16+'),
    (2,'12+'),
    (3,'7+'),
    (4,'3+');

#Authors
INSERT INTO `Authors` (`author_id`,`author_name`) VALUES
    (1,'Frank Herbert'),
    (2,'Max Allan Collins'),
    (3,'George R.R. Martin'),
    (4,'Anthony Thorlby'),
    (5,'Gloria Goldreich'),
    (6,'Steve Augarde'),
    (7,'George Plimpton'),
    (8,'Charles Willeford'),
    (9,'Brian J Robb'),
    (10,'Gardner Dozois'),
    (11,'Barry Menikoff'),
    (12,'Robert Louis Stevenson'),
    (13,'Charles Neider'),
    (14,'Tasha Tudor'),
    (15,'Barbara Bray'),
    (16,'Robert A. Heinlein'),
    (17,'Daniel Abraham'),
    (18,'Marguerite Duras'),
    (19,'Quentin Blake'),
    (20,'Joan Aiken'),
    (21,'Russell Hoban'),
    (22,'James Neville Teller'),
    (23,'Mark Oshea'),
    (24,'Ansel Adams'),
    (25,'Kevin Henkes'),
    (26,'Hugh Grant'),
    (27,'Erving Goffman'),
    (28,'Anonymous'),
    (29,'Debbie Raleigh Alexandra Ivy'),
    (30,'Aesop'),
    (31,'Stephen R. Swinburne'),
    (32,'Don DeLillo'),
    (33,'Garry Wills'),
    (34,'Jim Brandenburg'),
    (35,'Thomas DePietro'),
    (36,'Robin Ellis'),
    (37,'Richard Curtis'),
    (38,'William Murray'),
    (39,'Matt Christopher'),
    (40,'Sian Phillips'),
    (41,'Tim Halliday'),
    (42,'Jonathan Metcalf'),
    (43,'Jeff Rovin'),
    (44,'Diane Duane'),
    (45,'Tom Clancy'),
    (46,'Michael Reaves'),
    (47,'Steve Perry'),
    (48,'Michael Jecks'),
    (49,'Steve Pieczenik'),
    (50,'Don Macmillan'),
    (51,'Rosalind M. Greenberg'),
    (52,'Martin H. Greenberg'),
    (53,'Wayne G. Broehl Jr.'),
    (54,'Daniel Stashower'),
    (55,'Harold Bloom'),
    (56,'William Manchester'),
    (57,'Philippa Gregory'),
    (58,'Marie Nonnast'),
    (59,'Doug Cushman'),
    (60,'Ha Jin'),
    (61,'S.E. Hinton'),
    (62,'Margaret Chodos Irvine'),
    (63,'Maxine Paetro'),
    (64,'John Steinbeck'),
    (65,'Anya Seton'),
    (66,'Alice Dalgliesh'),
    (67,'Bethany Roberts'),
    (68,'Janet S. Wong'),
    (69,'Lori McElrath Eslick'),
    (70,'Harry Bates'),
    (71,'James Patterson'),
    (72,'James N. Frey'),
    (73,'Robert D. Kaplan'),
    (74,'Nancy White Carlstrom'),
    (75,'Susan Oliver'),
    (76,'Sophie Kinsella'),
    (77,'Anne Stuart'),
    (78,'Eileen Dreyer'),
    (79,'Gregory Stevenson'),
    (80,'Leah Wilson'),
    (81,'David Sylvester'),
    (82,'Leo Bersani'),
    (83,'Jennifer Crusie'),
    (84,'Ian Stewart'),
    (85,'Clara Winston'),
    (86,'Richard Winston'),
    (87,'David Baratier'),
    (88,'Michael Kreyling'),
    (89,'Anna Maxted'),
    (90,'William T. Vollmann'),
    (91,'Julie Sylvester'),
    (92,'Mark Smylie'),
    (93,'Henry James'),
    (94,'Edwin A. Abbott'),
    (95,'Reinhold Messner'),
    (96,'Mary Jane Maffini'),
    (97,'Iain M. Banks'),
    (98,'Josef Pieper'),
    (99,'Simon Perchik'),
    (100,'Barry Lopez'),
    (101,'John Harold Haynes'),
    (102,'Philip Pullman'),
    (103,'Matt Keefe'),
    (104,'Fyodor Dostoyevsky'),
    (105,'Rob Humphreys'),
    (106,'Tom Robbins'),
    (107,'Jonathan Franzen'),
    (108,'Leonardo Padura'),
    (109,'John King'),
    (110,'James Wood'),
    (111,'James McBride'),
    (112,'Thomas Pynchon'),
    (113,'Alice Sebold'),
    (114,'Joseph Conrad'),
    (115,'Chet Green'),
    (116,'SparkNotes'),
    (117,'Sigrid Undset'),
    (118,'R. Scott Bakker'),
    (119,'Tiina Nunnally'),
    (120,'James Scott Bell'),
    (121,'Agatha Christie'),
    (122,'Qiu iaolong'),
    (123,'James W. Loewen'),
    (124,'Paul Kirk'),
    (125,'George Washington'),
    (126,'Tite Kubo'),
    (127,'Hirohiko Araki'),
    (128,'Tamora Pierce'),
    (129,'Brad Thor'),
    (130,'Ursula K. Le Guin'),
    (131,'Karen Kingsbury'),
    (132,'P.G. Wodehouse'),
    (133,'David Baldacci'),
    (134,'Alan Lightman'),
    (135,'Alexander McCall Smith'),
    (136,'Jim Powell'),
    (137,'Robert B. Baer'),
    (138,'Joan Didion'),
    (139,'Gabriel Garcia Marquez'),
    (140,'Edith Grossman'),
    (141,'Toni Morrison'),
    (142,'Ellen Meloy'),
    (143,'Rohinton Mistry'),
    (144,'Mao Zedong'),
    (145,'Mavis Applewater'),
    (146,'Stuart McLean'),
    (147,'Kahlil Gibran'),
    (148,'Richard B. Primack'),
    (149,'Robert Jordan'),
    (150,'Gertrude Chandler Warner'),
    (151,'William Stacy Johnson'),
    (152,'Candace Bushnell'),
    (153,'Robert Hardy Baker'),
    (154,'Ann McGovern'),
    (155,'Brittiany A. Koren'),
    (156,'Brian Stableford'),
    (157,'Mickey Zucker Reichert'),
    (158,'Fiona Patton'),
    (159,'Jim C. Hines'),
    (160,'Esther M. Friesner'),
    (161,'Donald J. Bingle'),
    (162,'Alan Dean Foster'),
    (163,'Devon Monk'),
    (164,'Phaedra M. Weldon'),
    (165,'Christina F. York'),
    (166,'Jana Paniccia'),
    (167,'Josepha Sherman'),
    (168,'Susan Sizemore'),
    (169,'Michael Jasper'),
    (170,'John Helfers'),
    (171,'Jean Rabe'),
    (172,'Allen J. Frantzen'),
    (173,'Lauren Henderson'),
    (174,'James Purdy'),
    (175,'Eudora Welty'),
    (176,'Robert Frost'),
    (177,'Danny Palmerlee'),
    (178,'Saul Bellow'),
    (179,'Mark S. Smith'),
    (180,'Matt Wagner'),
    (181,'Yumi Hotta'),
    (182,'Bruce H. Wilkinson'),
    (183,'Jean Gibran'),
    (184,'Robert Munsch'),
    (185,'Tsugumi Ohba'),
    (186,'Kyoko Hikawa'),
    (187,'Hiromu Arakawa'),
    (188,'Octavio Paz'),
    (189,'Stephen King'),
    (190,'Junichi Sat'),
    (191,'Mark Twain'),
    (192,'Truman Capote'),
    (193,'Tim Freke'),
    (194,'Anton Chekhov'),
    (195,'Dave Thomas'),
    (196,'Ben Avery'),
    (197,'Witold Gombrowicz'),
    (198,'Kim Wilson'),
    (199,'Rolland Hein'),
    (200,'Wang Wei'),
    (201,'Blaine M. Yorgason'),
    (202,'George MacDonald'),
    (203,'Virgil Barbara'),
    (204,'Upasika Kee'),
    (205,'Joyce Carol Oates'),
    (206,'Aeschylus'),
    (207,'Boris Pasternak'),
    (208,'Viktor E. Frankl'),
    (209,'Noam Chomsky');

    #Written_By Table
INSERT INTO `Written_By` (`book_id`, `author_id`) VALUES
    (1,1),
    (2,2),
    (3,2),
    (4,4),
    (5,5),
    (6,6),
    (7,7),
    (8,8),
    (9,9),
    (10,10),
    (10,3),
    (10,17),
    (11,12),
    (12,12),
    (13,14),
    (13,12),
    (14,16),
    (15,18),
    (15,15),
    (16,15),
    (16,18),
    (17,19),
    (18,19),
    (18,20),
    (19,19),
    (19,21),
    (20,22),
    (21,23),
    (21,41),
    (22,24),
    (22,153),
    (23,25),
    (24,27),
    (25,27),
    (26,28),
    (27,29),
    (28,30),
    (29,32),
    (29,34),
    (30,32),
    (30,35),
    (31,33),
    (32,33),
    (33,33),
    (34,37),
    (35,37),
    (36,38),
    (37,39),
    (38,43),
    (38,45),
    (38,49),
    (39,44),
    (39,45),
    (39,49),
    (40,43),
    (40,45),
    (40,49),
    (41,43),
    (41,45),
    (41,49),
    (42,44),
    (42,45),
    (42,49),
    (43,47),
    (44,46),
    (44,47),
    (45,47),
    (46,48),
    (47,48),
    (48,50),
    (48,53),
    (49,51),
    (50,52),
    (50,155),
    (50,156),
    (50,157),
    (51,52),
    (51,54),
    (52,52),
    (53,160),
    (53,170),
    (54,52),
    (54,171),
    (55,55),
    (56,55),
    (57,55),
    (58,56),
    (59,60),
    (60,60),
    (61,60),
    (62,60),
    (63,61),
    (64,61),
    (65,61),
    (66,172),
    (67,64),
    (68,65),
    (68,57),
    (69,66),
    (69,58),
    (70,67),
    (70,59),
    (71,67),
    (71,62),
    (72,71),
    (73,71),
    (73,63),
    (74,71),
    (75,71),
    (76,71),
    (77,71),
    (78,72),
    (79,73),
    (80,73),
    (81,73),
    (82,74),
    (82,69),
    (83,75),
    (83,70),
    (84,76),
    (85,173),
    (86,76),
    (87,83),
    (88,83),
    (89,83),
    (90,83),
    (91,83),
    (92,83),
    (93,83),
    (94,83),
    (94,78),
    (94,77),
    (95,83),
    (95,79),
    (95,80),
    (96,89),
    (97,89),
    (98,89),
    (99,89),
    (100,90),
    (101,91),
    (101,81),
    (102,92),
    (103,93),
    (103,82),
    (104,94),
    (104,84),
    (105,95),
    (106,96),
    (107,97),
    (108,174),
    (109,98),
    (109,86),
    (109,85),
    (110,99),
    (110,87),
    (111,175),
    (111,88),
    (112,176),
    (113,100),
    (114,101),
    (115,102),
    (116,103),
    (117,107),
    (117,104),
    (118,105),
    (119,106),
    (120,106),
    (121,109),
    (121,108),
    (122,132),
    (123,177),
    (124,178),
    (124,110),
    (125,111),
    (126,112),
    (127,113),
    (128,104),
    (129,180),
    (130,114),
    (131,181),
    (132,115),
    (133,182),
    (134,116),
    (135,119),
    (135,117),
    (136,118),
    (137,132),
    (138,120),
    (139,121),
    (140,122),
    (141,183),
    (141,147),
    (142,123),
    (143,124),
    (144,125),
    (145,184),
    (146,185),
    (147,126),
    (148,127),
    (149,186),
    (150,187),
    (151,185),
    (152,128),
    (153,189),
    (154,129),
    (155,130),
    (156,131),
    (157,190),
    (158,132),
    (159,133),
    (160,191),
    (161,192),
    (162,193),
    (163,134),
    (164,135),
    (165,136),
    (166,137),
    (167,138),
    (168,140),
    (168,139),
    (169,140),
    (169,139),
    (170,141),
    (171,194),
    (172,142),
    (173,143),
    (174,195),
    (175,196),
    (175,3),
    (176,197),
    (177,144),
    (178,145),
    (179,198),
    (180,146),
    (181,199),
    (182,200),
    (183,147),
    (184,148),
    (185,201),
    (186,202),
    (186,46),
    (187,203),
    (188,204),
    (189,205),
    (190,149),
    (191,206),
    (192,207),
    (193,150),
    (194,208),
    (195,209),
    (196,179),
    (197,151),
    (198,188),
    (199,152);

#Languages Table
INSERT INTO `Languages` (`language_id`, `language`) VALUES
    (1,'english'),
    (2,'french'),
    (3,'spanish'),
    (4,'german'),
    (5,'latin'),
    (6,'polish');

#Language_Written Table
INSERT INTO `Language_Written` (`book_id`, `language_id`) VALUES
    (1,1),
    (2,1),
    (3,1),
    (4,1),
    (5,1),
    (6,1),
    (7,1),
    (8,1),
    (9,1),
    (10,1),
    (11,1),
    (12,1),
    (13,1),
    (14,1),
    (15,1),
    (16,1),
    (17,1),
    (18,1),
    (19,1),
    (20,1),
    (21,1),
    (22,1),
    (23,1),
    (24,1),
    (25,1),
    (26,1),
    (27,1),
    (28,1),
    (29,1),
    (30,1),
    (31,1),
    (32,1),
    (33,1),
    (34,1),
    (35,1),
    (36,1),
    (37,1),
    (38,1),
    (39,1),
    (40,1),
    (41,1),
    (42,1),
    (43,1),
    (44,1),
    (45,1),
    (46,1),
    (47,1),
    (48,1),
    (49,1),
    (50,1),
    (51,1),
    (52,1),
    (53,1),
    (54,1),
    (55,1),
    (56,1),
    (57,1),
    (58,1),
    (59,1),
    (60,1),
    (61,1),
    (62,1),
    (63,1),
    (64,1),
    (65,1),
    (66,1),
    (67,1),
    (68,1),
    (69,1),
    (70,1),
    (71,1),
    (72,1),
    (73,1),
    (74,1),
    (75,1),
    (76,1),
    (77,1),
    (78,1),
    (79,1),
    (80,1),
    (81,1),
    (82,1),
    (83,1),
    (84,1),
    (85,1),
    (86,1),
    (87,1),
    (88,1),
    (89,1),
    (90,1),
    (91,1),
    (92,1),
    (93,1),
    (94,1),
    (95,1),
    (96,1),
    (97,1),
    (98,1),
    (99,1),
    (100,1),
    (101,1),
    (102,1),
    (103,1),
    (104,1),
    (105,1),
    (106,1),
    (107,1),
    (108,1),
    (109,1),
    (110,1),
    (111,1),
    (112,1),
    (113,1),
    (114,1),
    (115,1),
    (116,1),
    (117,1),
    (118,1),
    (119,1),
    (120,1),
    (121,1),
    (122,1),
    (123,1),
    (124,1),
    (125,1),
    (126,1),
    (127,1),
    (128,1),
    (129,1),
    (130,1),
    (131,1),
    (132,1),
    (133,1),
    (134,1),
    (135,1),
    (136,1),
    (137,1),
    (138,1),
    (139,1),
    (140,1),
    (141,1),
    (142,1),
    (143,1),
    (144,1),
    (145,1),
    (146,1),
    (147,1),
    (148,1),
    (149,1),
    (150,1),
    (151,1),
    (152,1),
    (153,1),
    (154,1),
    (155,1),
    (156,1),
    (157,1),
    (158,1),
    (159,1),
    (160,1),
    (161,1),
    (162,1),
    (163,1),
    (164,1),
    (165,1),
    (166,1),
    (167,1),
    (168,1),
    (169,1),
    (170,1),
    (171,1),
    (172,1),
    (173,1),
    (174,1),
    (175,1),
    (176,1),
    (177,1),
    (178,1),
    (179,1),
    (180,1),
    (181,1),
    (182,1),
    (183,1),
    (184,1),
    (185,1),
    (186,1),
    (187,1),
    (188,1),
    (189,1),
    (190,1),
    (191,1),
    (192,1),
    (193,1),
    (194,1),
    (195,1),
    (196,1),
    (197,1),
    (198,1),
    (199,1);

#User Table
INSERT INTO `Users` (`user_id`, `user_first_name`, `user_last_name`, `user_email`, `user_password`, `user_DOB`, `age_rating_id`) VALUES

    (1001,'Lita  ','Zetta  ','litazetta@icloud.com','password','2004-03-03','2'),
    (1002,'Florentina  ','Lawerence  ','flojlo21@google.com','password','1958-01-27','1'),
    (1003,'Alia  ','Yvonne  ','yvonne124@outlook.com','password','1963-03-22','1'),
    (1004,'Nannette  ','Wava  ','wavawava@google.com','password','1965-06-27','1'),
    (1005,'Willian  ','Sharilyn  ','willthebeast@google.com','password','1966-10-07','1'),
    (1006,'Clemencia  ','Lucas  ','lucas873@google.com','password','2004-03-19','2'),
    (1007,'Royce  ','Marlene  ','marleneRR@outlook.com','password','2004-03-21','2'),
    (1008,'Suzette  ','Jonah  ','bigjonah@gmx.com','password','2004-09-29','2'),
    (1009,'Claudio  ','Jerry  ','jerrcla@hotmail.com','password','2013-09-17','3'),
    (1010,'Silvana  ','Pearly  ','pearlysilver@hotmail.com','password','2005-01-19','2'),
    (1011,'Carolin  ','Carolyn  ','doublecarol@gmail.com','password','1967-06-21','1'),
    (1012,'Minna  ','Darrin  ','minna123@hotmail.com','password','2005-01-28','2'),
    (1013,'Lise  ','Eric  ','ericl1900@gmx.com','password','1969-11-06','1'),
    (1014,'Mahalia  ','Hester  ','hestermahala@gmail.com','password','2005-06-16','2'),
    (1015,'Leonardo  ','Echo  ','echoecho@outlook.com','password','2013-11-06','3'),
    (1016,'Paul  ','Melody  ','paulmelodic@gmail.com','password','2007-06-17','2'),
    (1017,'Augustus  ','Anisha  ','auganisha@outlook.com','password','2008-11-09','2'),
    (1018,'Russel  ','Tonya  ','russeltonya86@gmx.com','password','2009-01-11','2'),
    (1019,'Trula  ','Season  ','trulaszn@gmail.com','password','1971-12-09','1'),
    (1020,'Joshua  ','Lizette  ','jliz@outlook.com','password','1975-09-04','1'),
    (1021,'Rickie  ','Tommye  ','rickieee@gmail.com','password','1979-09-09','1'),
    (1022,'Wayne  ','Tu  ','twayne2800@outlook.com','password','1983-10-13','1'),
    (1023,'Talisha  ','Jene  ','talishaaaa@gmx.com','password','2009-07-23','2'),
    (1024,'Susann  ','Lanette  ','lanettesusan@gmail.com','password','1987-10-19','1'),
    (1025,'Luke  ','Patty  ','lukepatty@outlook.com','password','1988-11-26','1'),
    (1026,'Porfirio  ','Oren  ','porfirioren@gmx.com','password','1989-08-19','1'),
    (1027,'Li  ','Stefany  ','stefanli@google.com','password','2010-03-12','2'),
    (1028,'Renay  ','Mike  ','mikeynay@google.com','password','2013-11-07','3'),
    (1029,'Rosanne  ','Shella  ','shellarosan@gmx.com','password','1989-12-31','1'),
    (1030,'Mckinley  ','Rosia  ','rosia124@outlook.com','password','2010-08-25','2'),
    (1031,'Dahlia  ','Howard  ','dahliahowa@gmail.com','password','1991-12-02','1'),
    (1032,'Elodia  ','Kaye  ','kayelodia12@outlook.com','password','1992-12-13','1'),
    (1033,'Shiela  ','Kimberlie  ','kimberlie@gmail.com','password','1993-12-28','1'),
    (1034,'Phuong  ','Elaine  ','elainephuong@outlook.com','password','1994-05-31','1'),
    (1035,'Nickole  ','Gladis  ','gladisprofessional@gmail.com','password','1994-08-06','1'),
    (1036,'Brooke  ','Lissette  ','lissettebrooke@gmail.com','password','2011-03-20','2'),
    (1037,'Jacquiline  ','Belen  ','belenese123@outlook.com','password','2011-12-03','2'),
    (1038,'Doug  ','Phillip  ','doggiephilip@outlook.com','password','1994-09-23','1'),
    (1039,'Maxima  ','Angel  ','angeldamaxima@gmail.com','password','2013-11-12','3'),
    (1040,'Sherrie  ','Anabel  ','anabelsherr@outlook.com','password','2013-11-27','3'),
    (1041,'Kellee  ','Peg  ','pegkel@gmail.com','password','1995-01-12','1'),
    (1042,'Jacinto  ','Anissa  ','anissaja@icloud.com','password','1998-01-04','1'),
    (1043,'Marni  ','Candida  ','candidmarni@icloud.com','password','1998-07-20','1'),
    (1044,'Gwen  ','Yolonda  ','gwen879@gmail.com','password','2002-07-19','1'),
    (1045,'Karren  ','Nan  ','karrennan@outlook.com','password','2011-09-03','2'),
    (1046,'Nicol  ','Jeffie  ','jeffienics@gmail.com','password','2003-02-13','1'),
    (1047,'Nakita  ','Nelida  ','nakits@outlook.com','password','2014-02-04','3'),
    (1048,'Liliana  ','Ludie  ','ludielilian@gmail.co.uk','password','1958-06-20','1'),
    (1049,'Darell  ','Sherise  ','darellshe@outlook.com','password','1964-01-16','1'),
    (1050,'Brittaney  ','Wei  ','weibrits@icloud.com','password','1982-09-28','1');

INSERT INTO `Groups` (`group_id`,`group_name`) VALUES
    (1,'Readers FC'),
    (2,'Yum Yum'),
    (3,'ABC'),
    (4,'JK Rooowler'),
    (5,'Book Club');

INSERT INTO `Linked_By` (`user_id`, `group_id`) VALUES
    (1001,1),
    (1004,1),
    (1008,1),
    (1002,2),
    (1019,2),
    (1020,2),
    (1022,2),
    (1025,2),
    (1031,3),
    (1032,3),
    (1036,4),
    (1037,4),
    (1039,4),
    (1003,5),
    (1006,5),
    (1042,5),
    (1049,5);

    INSERT INTO `Genres` (`genre_id`, `genre`) VALUES
    (1,'Science Fiction'),
    (2,'Fiction'),
    (3,'Dictionary'),
    (4,'Childrens'),
    (5,'Biography'),
    (6,'Thriller'),
    (7,'Science '),
    (8,'Play'),
    (9,'Mystery'),
    (10,'Guidebook'),
    (11,'Photography'),
    (12,'Sociology'),
    (13,'Religious'),
    (14,'Romance'),
    (15,'Fables'),
    (16,'History'),
    (17,'Autobiography'),
    (18,'Anime'),
    (19,'Foreign'),
    (20,'Cookbook'),
    (21,'TV'),
    (22,'Poetry'),
    (23,'Adventure'),
    (24,'Encyclopedia'),
    (25,'Fantasy'),
    (26,'Horror'),
    (27,'Comic'),
    (28,'Comedy'),
    (29,'Crime'),
    (30,'Travel'),
    (31,'Hobbies'),
    (32,'Self Help'),
    (33,'Art'),
    (34,'Nonfiction'),
    (35,'Writing');

    INSERT INTO `Categorised_By` (`book_id`, `genre_id`) VALUES
    (1,1),
    (2,2),
    (3,2),
    (4,3),
    (5,2),
    (6,4),
    (7,5),
    (8,6),
    (9,5),
    (10,1),
    (11,2),
    (12,2),
    (13,4),
    (14,1),
    (15,5),
    (16,8),
    (17,4),
    (18,2),
    (19,2),
    (20,9),
    (21,10),
    (22,11),
    (23,2),
    (24,12),
    (25,12),
    (26,13),
    (27,14),
    (28,15),
    (29,4),
    (30,5),
    (31,16),
    (32,5),
    (33,16),
    (34,2),
    (35,2),
    (36,16),
    (37,2),
    (38,6),
    (39,6),
    (40,2),
    (41,23),
    (42,9),
    (43,1),
    (44,1),
    (45,1),
    (46,9),
    (47,9),
    (48,24),
    (49,6),
    (50,25),
    (51,9),
    (52,25),
    (53,1),
    (54,1),
    (55,34),
    (56,5),
    (57,13),
    (58,5),
    (59,2),
    (60,2),
    (61,2),
    (62,2),
    (63,2),
    (64,26),
    (65,2),
    (66,26),
    (67,2),
    (68,26),
    (69,2),
    (70,2),
    (71,2),
    (72,6),
    (73,9),
    (74,6),
    (75,6),
    (76,1),
    (77,29),
    (78,35),
    (79,5),
    (80,30),
    (81,5),
    (82,4),
    (83,31),
    (84,28),
    (85,2),
    (86,28),
    (87,28),
    (88,28),
    (89,28),
    (90,14),
    (91,14),
    (92,14),
    (93,14),
    (94,14),
    (95,28),
    (96,28),
    (97,32),
    (98,28),
    (99,28),
    (100,34),
    (101,33),
    (102,29),
    (103,2),
    (104,2),
    (105,10),
    (106,2),
    (107,2),
    (108,2),
    (109,2),
    (110,22),
    (111,2),
    (112,2),
    (113,5),
    (114,32),
    (115,4),
    (116,2),
    (117,2),
    (118,10),
    (119,33),
    (120,33),
    (121,19),
    (122,28),
    (123,10),
    (124,28),
    (125,5),
    (126,2),
    (127,2),
    (128,2),
    (129,27),
    (130,2),
    (131,18),
    (132,2),
    (133,2),
    (134,19),
    (135,14),
    (136,2),
    (137,2),
    (138,32),
    (139,2),
    (140,29),
    (141,5),
    (142,34),
    (143,20),
    (144,32),
    (145,4),
    (146,18),
    (147,18),
    (148,18),
    (149,18),
    (150,18),
    (151,18),
    (152,19),
    (153,2),
    (154,2),
    (155,2),
    (156,13),
    (157,18),
    (158,32),
    (159,2),
    (160,19),
    (161,2),
    (162,19),
    (163,2),
    (164,9),
    (165,5),
    (166,17),
    (167,33),
    (168,2),
    (169,5),
    (170,2),
    (171,2),
    (172,34),
    (173,2),
    (174,32),
    (175,2),
    (176,2),
    (177,19),
    (178,2),
    (179,20),
    (180,21),
    (181,19),
    (182,19),
    (183,22),
    (184,32),
    (185,2),
    (186,2),
    (187,34),
    (188,19),
    (189,2),
    (190,2),
    (191,22),
    (192,17),
    (193,2),
    (194,5),
    (195,16),
    (196,19),
    (197,13),
    (198,2),
    (199,2);

    INSERT INTO `User_Likes_Genres` (`genre_id`, `user_id`) VALUES
    (1,1001),
    (3,1002),
    (6,1003),
    (2,1004),
    (22,1005),
    (33,1006),
    (7,1007),
    (29,1008),
    (20,1009),
    (20,1010),
    (1,1011),
    (2,1012),
    (3,1013),
    (4,1014),
    (1,1015),
    (1,1016),
    (12,1017),
    (2,1018),
    (26,1019),
    (32,1020),
    (29,1021),
    (16,1022),
    (35,1023),
    (26,1024),
    (4,1025),
    (2,1026),
    (18,1027),
    (14,1028),
    (15,1029),
    (20,1030),
    (17,1031),
    (10,1032),
    (2,1033),
    (3,1034),
    (4,1035),
    (8,1036),
    (4,1037),
    (25,1038),
    (24,1039),
    (1,1040),
    (1,1041),
    (2,1042),
    (2,1043),
    (2,1044),
    (34,1045),
    (34,1046),
    (34,1047),
    (34,1048),
    (34,1049),
    (34,1050);